"product_id","total_sales","total_profit","profit_percentage"
"FUR-CH-10002774","764.6999999999999","76.9798","10.066666666666666"
"OFF-AR-10002833","30.576","6.6612","21.785714285714285"
